,HPPR_G
0,8.85
1,5.025
2,4.47
3,1.4
4,1.01
5,0.775
6,0.76
7,3.24
8,2.12
9,1.29
10,1.275
11,0.7749999999999999
12,1.54
13,5.33
14,4.995
15,4.915
16,1.255
17,9.715
18,7.225
19,3.7600000000000002
20,1.09
21,1.06
22,1.44
23,0.535
24,6.355
25,4.94
26,7.845000000000001
27,7.220000000000001
28,5.18
29,3.9450000000000003
30,1.4449999999999998
31,9.885
32,9.649999999999999
33,8.195
34,4.395
35,4.55
36,2.965
37,1.27
38,1.205
39,10.85
40,9.754999999999999
41,5.17
42,4.31
43,2.21
44,0.96
45,0.55
46,2.69
47,3.1100000000000003
48,1.9849999999999999
49,0.5599999999999999
50,7.970000000000001
51,3.09
52,1.42
53,1.98
54,0.755
55,0.6599999999999999
56,0.53
57,5.8149999999999995
58,8.02
59,6.505
60,3.635
61,2.67
62,3.13
63,2.6550000000000002
64,1.3599999999999999
65,1.335
66,6.6899999999999995
67,5.859999999999999
68,3.54
69,3.92
70,3.16
71,3.4299999999999997
72,3.58
73,2.09
74,2.8899999999999997
75,1.73
76,0.515
77,0.68
78,8.465
79,6.5600000000000005
80,3.6900000000000004
81,3.21
82,3.075
83,2.99
84,3.275
85,1.13
86,0.695
87,8.79
88,7.9350000000000005
89,7.345
90,5.375
91,5.8149999999999995
92,5.640000000000001
93,4.385
94,3.985
95,4.0649999999999995
96,4.865
97,3.3049999999999997
98,0.915
99,0.75
100,11.9
101,9.735
102,9.885
103,8.465
104,6.66
105,5.885
106,4.49
107,4.51
108,3.7649999999999997
109,5.635
110,5.47
111,1.51
112,1.89
113,1.875
114,0.855
115,0.5900000000000001
116,13.5
117,9.245
118,6.3
119,5.484999999999999
120,3.3249999999999997
121,2.3649999999999998
122,1.955
123,1.58
124,1.1099999999999999
125,0.705
126,1.8299999999999998
127,5.195
128,3.18
129,8.344999999999999
130,6.385
131,5.755
132,1.73
133,11.3
134,10.3
135,9.600000000000001
136,5.225
137,4.83
138,3.915
139,4.395
140,1.74
141,1.0550000000000002
142,16.05
143,17.05
144,13.45
145,11.1
146,5.6850000000000005
147,4.9350000000000005
148,2.865
149,1.575
150,0.64
151,11.795
152,11.850000000000001
153,12.75
154,7.305
155,2.4699999999999998
156,2.965
157,1.8800000000000001
158,1.6099999999999999
159,0.865
160,16.55
161,12.3
162,14.65
163,15.1
164,5.49
165,4.95
166,5.595000000000001
167,3.28
168,1.21
169,0.925
170,0.6
171,16.4
172,18.200000000000003
173,9.870000000000001
174,6.455
175,5.425
176,6.6899999999999995
177,1.67
178,0.95
179,14.75
180,11.565
181,11.120000000000001
182,14.7
183,8.02
184,3.965
185,3.645
186,2.7800000000000002
187,1.47
188,0.91
189,12.3
190,7.725
191,7.755
192,8.355
193,4.734999999999999
194,4.88
195,3.245
196,1.31
197,0.735
198,14.3
199,12.35
200,11.45
201,13.15
202,7.875
203,6.164999999999999
204,4.18
205,3.7249999999999996
206,4.615
207,2.495
208,0.55
209,9.385
210,8.7
211,5.615
212,6.8
213,4.29
214,2.98
215,1.34
216,12.275
217,10.45
218,13.7
219,9.004999999999999
220,5.035
221,5.4350000000000005
222,2.795
223,2.9050000000000002
224,1.3199999999999998
225,12.9
226,8.84
227,10.55
228,8.615
229,4.3100000000000005
230,3.7199999999999998
231,2.875
232,1.875
233,1.19
234,1.17
235,14.15
236,19.3
237,11.665
238,9.785
239,9.465
240,6.734999999999999
241,4.255
242,2.48
243,1.605
244,1.075
245,11.879999999999999
246,16.4
247,8.2
248,5.62
249,4.35
250,2.865
251,2.0149999999999997
252,1.505
253,1.3399999999999999
254,12.9
255,5.46
256,4.949999999999999
257,3.935
258,5.945
259,4.325
260,1.64
261,0.73
262,0.5900000000000001
263,13.850000000000001
264,9.455
265,3.81
266,3.25
267,0.9
268,0.695
269,0.675
270,9.525
271,8.74
272,10.295
273,5.915
274,5.09
275,2.59
276,2.105
277,0.625
278,9.735
279,12.899999999999999
280,15.05
281,7.67
282,6.404999999999999
283,4.08
284,4.035
285,3.58
286,0.655
287,9.45
288,12.600000000000001
289,14.8
290,6.655
291,6.505000000000001
292,6.135
293,3.01
294,2.83
295,0.685
296,16.65
297,9.64
298,10.75
299,6.59
300,3.92
301,4.05
302,4.2
303,0.64
304,0.675
305,0.58
306,12.225
307,8.525
308,8.725
309,7.265
310,6.904999999999999
311,6.800000000000001
312,3.635
313,0.825
314,0.7
315,17.35
316,13.9
317,8.555
318,7.68
319,2.215
320,2.0300000000000002
321,1.19
322,0.7
323,14.05
324,10.295
325,13.75
326,13.25
327,9.379999999999999
328,6.32
329,5.84
330,2.0549999999999997
331,1.985
332,1.45
333,1.11
334,1.655
335,0.8300000000000001
336,16.25
337,13.85
338,15.9
339,8.54
340,8.2
341,7.57
342,2.875
343,2.77
344,1.79
345,1.6
346,0.9450000000000001
347,0.62
348,14.0
349,14.25
350,17.35
351,10.615
352,4.720000000000001
353,3.465
354,1.13
355,0.905
356,13.899999999999999
357,13.95
358,19.1
359,11.705
360,10.405000000000001
361,7.17
362,4.33
363,2.895
364,0.855
365,11.1
366,15.5
367,9.845
368,10.99
369,7.675
370,9.095
371,5.465
372,2.49
373,16.35
374,17.8
375,12.315
376,8.780000000000001
377,7.915
378,5.755
379,7.13
380,4.155
381,3.09
382,1.6949999999999998
383,1.0350000000000001
384,18.65
385,19.049999999999997
386,14.7
387,6.755000000000001
388,4.89
389,2.605
390,1.845
391,1.3399999999999999
392,0.61
393,16.15
394,21.95
395,15.700000000000001
396,13.5
397,9.440000000000001
398,7.96
399,3.415
400,3.385
401,6.255
402,2.795
403,0.9149999999999999
404,13.0
405,13.0
406,10.3
407,14.3
408,9.365
409,5.955
410,4.085
411,3.13
412,1.8050000000000002
413,0.9750000000000001
414,16.85
415,22.15
416,11.1
417,7.975
418,9.325
419,2.01
420,1.62
421,1.53
422,1.3050000000000002
423,15.0
424,11.85
425,12.75
426,17.8
427,12.015
428,5.175
429,4.65
430,1.83
431,0.8600000000000001
432,0.61
433,9.51
434,13.25
435,7.244999999999999
436,3.7299999999999995
437,5.805
438,2.075
439,1.97
440,0.83
441,0.9950000000000001
442,10.25
443,10.455
444,9.665
445,11.45
446,6.765
447,8.335
448,1.91
449,2.4000000000000004
450,0.55
451,9.33
452,11.6
453,9.629999999999999
454,11.2
455,7.550000000000001
456,2.79
457,3.0549999999999997
458,2.15
459,3.245
460,0.7050000000000001
461,14.05
462,11.844999999999999
463,7.57
464,4.46
465,4.815
466,3.74
467,3.12
468,4.33
469,1.24
470,11.149999999999999
471,10.95
472,10.395
473,7.965
474,4.67
475,1.2650000000000001
476,0.8049999999999999
477,0.595
478,18.1
479,11.33
480,9.59
481,13.0
482,7.64
483,5.635
484,4.8100000000000005
485,3.41
486,2.01
487,15.350000000000001
488,9.79
489,14.7
490,9.515
491,8.455
492,5.65
493,4.5600000000000005
494,2.165
495,1.6099999999999999
496,21.05
497,13.05
498,9.67
499,6.870000000000001
500,4.335
501,4.925
502,1.11
503,1.025
504,15.8
505,9.940000000000001
506,8.705
507,14.7
508,10.035
509,4.445
510,2.1399999999999997
511,2.56
512,0.885
513,10.695
514,13.0
515,9.95
516,4.755
517,6.605
518,5.635
519,2.85
520,2.75
521,1.155
522,14.100000000000001
523,10.469999999999999
524,11.254999999999999
525,16.4
526,6.720000000000001
527,3.7649999999999997
528,2.7
529,1.15
530,10.025
531,16.4
532,10.75
533,8.16
534,4.795
535,1.81
536,9.629999999999999
537,10.445
538,15.25
539,10.695
540,7.895
541,3.34
542,3.46
543,2.145
544,0.81
545,10.635
546,11.6
547,8.95
548,8.35
549,6.66
550,6.835
551,4.15
552,3.33
553,5.29
554,2.41
555,1.87
556,1.17
557,15.2
558,7.6850000000000005
559,10.15
560,6.615
561,6.45
562,5.45
563,2.29
564,2.04
565,2.2350000000000003
566,27.7
567,15.35
568,11.665
569,5.585
570,4.970000000000001
571,3.875
572,3.72
573,3.0999999999999996
574,11.2
575,10.27
576,4.890000000000001
577,4.205
578,1.275
579,1.925
580,1.23
581,0.53
582,0.5700000000000001
583,11.600000000000001
584,9.0
585,9.735
586,8.625
587,9.11
588,4.55
589,2.2800000000000002
590,1.4
591,1.675
592,0.53
593,13.600000000000001
594,11.45
595,11.3
596,4.615
597,5.220000000000001
598,5.470000000000001
599,3.715
600,3.23
601,0.745
602,0.52
603,8.895
604,7.640000000000001
605,5.625
606,4.345
607,3.34
608,3.085
609,3.17
610,14.0
611,9.675
612,11.35
613,7.775
614,7.22
615,3.7
616,3.3899999999999997
617,1.79
618,12.100000000000001
619,9.475
620,7.82
621,9.100000000000001
622,6.765
623,8.405000000000001
624,3.395
625,0.8300000000000001
626,1.3399999999999999
627,12.95
628,10.575
629,15.700000000000001
630,7.645
631,8.825
632,1.065
633,0.855
634,0.6799999999999999
635,11.29
636,19.15
637,14.100000000000001
638,8.66
639,7.965
640,6.640000000000001
641,3.625
642,3.985
643,5.085
644,0.8300000000000001
645,14.65
646,11.145
647,13.4
648,7.505
649,9.8
650,7.39
651,3.5300000000000002
652,2.3449999999999998
653,0.9450000000000001
654,13.25
655,9.215
656,8.74
657,6.39
658,3.705
659,0.65
660,11.145
661,14.7
662,8.275
663,5.71
664,5.205
665,4.005
666,6.58
667,2.675
668,1.44
669,0.97
670,1.1300000000000001
671,0.55
672,14.5
673,13.600000000000001
674,19.5
675,7.414999999999999
676,6.755
677,4.74
678,1.12
679,1.615
680,0.95
681,18.2
682,18.1
683,8.09
684,7.175
685,7.19
686,5.04
687,8.64
688,1.565
689,1.38
690,1.105
691,0.6699999999999999
692,14.65
693,14.850000000000001
694,7.105
695,3.54
696,3.645
697,4.46
698,2.605
699,1.315
700,8.555
701,7.865
702,5.5
703,3.03
704,2.0549999999999997
705,1.18
706,0.535
707,18.05
708,12.285
709,10.085
710,5.529999999999999
711,3.3099999999999996
712,1.46
713,0.82
714,0.69
715,17.75
716,15.85
717,11.600000000000001
718,4.525
719,4.24
720,4.475
721,2.045
722,0.98
723,17.950000000000003
724,10.614999999999998
725,12.649999999999999
726,10.3
727,4.98
728,3.2750000000000004
729,3.045
730,3.07
731,2.2
732,1.1949999999999998
733,15.600000000000001
734,11.899999999999999
735,9.83
736,8.99
737,4.98
738,2.11
739,2.23
740,2.45
741,1.395
742,0.69
743,8.59
744,8.1
745,5.93
746,4.675
747,4.09
748,1.23
749,0.9299999999999999
750,18.549999999999997
751,9.615
752,11.25
753,2.25
754,2.27
755,2.615
756,1.8800000000000001
757,0.5549999999999999
758,12.5
759,14.8
760,7.44
761,6.465
762,4.01
763,3.16
764,2.6399999999999997
765,1.98
766,7.51
767,6.945
768,2.635
769,2.0949999999999998
770,2.23
771,10.695
772,9.19
773,6.720000000000001
774,6.075
775,5.82
776,5.125
777,20.2
778,9.315
779,8.545000000000002
780,8.365
781,6.285
782,7.74
783,3.465
784,1.06
785,0.91
786,18.6
787,9.64
788,10.05
789,6.89
790,7.414999999999999
791,6.67
792,1.0150000000000001
793,11.18
794,10.254999999999999
795,17.8
796,6.0
797,3.525
798,1.4249999999999998
799,2.885
800,24.35
801,11.79
802,11.9
803,10.815000000000001
804,6.3
805,6.255000000000001
806,4.69
807,2.2199999999999998
808,1.94
809,1.605
810,10.594999999999999
811,10.34
812,10.95
813,17.15
814,8.25
815,4.970000000000001
816,3.7249999999999996
817,2.85
818,1.86
819,1.5150000000000001
820,18.7
821,10.225
822,7.539999999999999
823,4.055
824,4.355
825,2.44
826,1.255
827,2.115
828,1.27
829,20.75
830,20.2
831,9.02
832,7.209999999999999
833,4.77
834,7.395
835,3.775
836,1.745
837,0.7549999999999999
838,25.799999999999997
839,12.5
840,13.649999999999999
841,9.04
842,6.99
843,2.685
844,1.74
845,1.855
846,0.5549999999999999
847,0.7050000000000001
848,14.8
849,6.06
850,6.109999999999999
851,4.74
852,3.01
853,1.64
854,2.065
855,1.365
856,1.165
857,14.2
858,8.75
859,3.715
860,4.15
861,2.935
862,3.035
863,2.98
864,0.73
865,7.58
866,11.850000000000001
867,9.075
868,9.25
869,7.34
870,5.31
871,1.745
872,2.035
873,1.1800000000000002
874,0.99
875,9.955
876,6.300000000000001
877,10.024999999999999
878,5.94
879,7.26
880,1.575
881,1.07
882,0.9099999999999999
883,7.015000000000001
884,12.45
885,7.69
886,4.904999999999999
887,5.75
888,3.96
889,3.0949999999999998
890,2.8600000000000003
891,1.1099999999999999
892,0.535
893,12.0
894,8.705
895,14.3
896,9.315000000000001
897,6.59
898,3.295
899,2.5149999999999997
900,15.05
901,9.39
902,14.4
903,7.0
904,6.484999999999999
905,5.609999999999999
906,4.3
907,1.425
908,1.17
909,0.7949999999999999
910,0.53
911,16.4
912,13.899999999999999
913,7.3100000000000005
914,7.695
915,5.425000000000001
916,4.73
917,3.74
918,5.005
919,4.01
920,1.365
921,1.245
922,17.25
923,13.3
924,12.3
925,6.285
926,5.355
927,2.6500000000000004
928,2.83
929,1.4
930,0.7450000000000001
931,18.85
932,16.0
933,14.95
934,8.55
935,15.350000000000001
936,17.0
937,4.41
938,3.385
939,18.5
940,13.75
941,11.025
942,17.05
943,11.440000000000001
944,1.5
945,1.24
946,1.205
947,14.9
948,15.2
949,14.65
950,6.0600000000000005
951,8.02
952,6.02
953,3.54
954,2.505
955,5.37
956,10.435
957,10.015
958,9.65
959,5.3
960,7.605
961,2.9699999999999998
962,2.875
963,1.7149999999999999
964,11.8
965,6.045
966,3.74
967,3.3499999999999996
968,5.725
969,2.25
970,2.275
971,1.3900000000000001
972,0.595
973,12.399999999999999
974,10.65
975,7.5
976,18.8
977,9.67
978,7.4
979,1.68
980,1.2349999999999999
981,12.855
982,13.5
983,7.754999999999999
984,6.359999999999999
985,8.39
986,1.895
987,2.1100000000000003
988,1.3599999999999999
989,1.9
990,1.4649999999999999
991,14.35
992,14.55
993,10.22
994,4.46
995,3.3449999999999998
996,3.165
997,1.1800000000000002
998,0.995
999,1.0150000000000001
1000,0.68
1001,15.600000000000001
1002,14.899999999999999
1003,16.75
1004,13.4
1005,6.949999999999999
1006,2.2
1007,2.285
1008,2.0
1009,1.5
1010,13.950000000000001
1011,15.25
1012,14.0
1013,14.850000000000001
1014,10.225
1015,3.285
1016,2.605
1017,1.565
1018,1.135
1019,15.15
1020,15.200000000000001
1021,11.225
1022,14.350000000000001
1023,8.305
1024,2.365
1025,1.86
1026,2.0700000000000003
1027,0.93
1028,9.84
1029,10.735
1030,9.525
1031,8.05
1032,4.08
1033,2.27
1034,2.94
1035,2.015
1036,0.62
1037,0.745
1038,13.899999999999999
1039,13.25
1040,6.484999999999999
1041,5.42
1042,3.365
1043,3.29
1044,1.375
1045,11.75
1046,13.45
1047,14.2
1048,2.9050000000000002
1049,3.045
1050,3.26
1051,0.5700000000000001
1052,10.45
1053,7.675000000000001
1054,8.78
1055,4.15
1056,5.26
1057,3.135
1058,1.915
1059,15.7
1060,10.85
1061,8.39
1062,15.7
1063,7.545
1064,3.19
1065,1.97
1066,1.5099999999999998
1067,0.9650000000000001
1068,16.15
1069,18.05
1070,10.215
1071,7.37
1072,6.205
1073,5.1
1074,3.265
1075,0.905
1076,12.85
1077,13.15
1078,9.445
1079,14.1
1080,7.135
1081,2.105
1082,1.27
1083,0.535
1084,14.450000000000001
1085,12.75
1086,10.205
1087,9.775
1088,18.8
1089,8.855
1090,4.705
1091,1.185
1092,0.81
1093,0.9299999999999999
1094,11.05
1095,16.3
1096,9.615
1097,15.3
1098,10.25
1099,10.465
1100,4.215
1101,4.17
1102,1.27
1103,1.0050000000000001
1104,11.85
1105,6.455
1106,13.2
1107,8.145
1108,6.18
1109,4.575
1110,1.865
1111,1.435
1112,15.85
1113,13.100000000000001
1114,15.9
1115,14.0
1116,5.725
1117,5.22
1118,6.535
1119,2.175
1120,1.685
1121,0.85
1122,13.0
1123,11.105
1124,15.649999999999999
1125,10.14
1126,5.33
1127,6.815
1128,4.66
1129,3.33
1130,3.1
1131,10.275
1132,11.7
1133,7.58
1134,5.6
1135,5.68
1136,4.14
1137,2.26
1138,0.8300000000000001
1139,0.525
1140,11.95
1141,9.905
1142,10.0
1143,5.2
1144,5.305
1145,3.905
1146,2.51
1147,1.175
1148,1.68
1149,0.88
1150,9.415
1151,9.705
1152,10.54
1153,9.024999999999999
1154,6.75
1155,3.4349999999999996
1156,2.2350000000000003
1157,2.77
1158,1.01
1159,0.515
1160,16.45
1161,15.6
1162,11.42
1163,15.9
1164,6.635
1165,4.185
1166,1.98
1167,1.37
1168,2.13
1169,1.3399999999999999
1170,1.015
1171,9.54
1172,8.555
1173,9.205
1174,8.149999999999999
1175,3.605
1176,2.33
1177,2.7350000000000003
1178,2.605
1179,2.8449999999999998
1180,1.33
1181,0.895
1182,11.8
1183,8.66
1184,5.135
1185,7.21
1186,4.645
1187,1.9
1188,1.78
1189,0.8
1190,16.85
1191,7.99
1192,5.470000000000001
1193,4.535
1194,3.555
1195,3.735
1196,5.29
1197,3.76
1198,0.9550000000000001
1199,12.600000000000001
1200,10.0
1201,6.355
1202,4.575
1203,5.5
1204,4.6899999999999995
1205,7.289999999999999
1206,5.785
1207,2.755
1208,2.77
1209,3.745
1210,2.12
1211,0.515
1212,19.35
1213,11.565
1214,12.8
1215,11.25
1216,5.695
1217,4.955
1218,4.49
1219,4.9350000000000005
1220,1.96
1221,2.315
1222,11.3
1223,8.5
1224,7.7
1225,6.62
1226,3.7350000000000003
1227,2.415
1228,1.715
1229,12.34
1230,10.2
1231,16.75
1232,8.025
1233,9.5
1234,7.26
1235,5.165
1236,2.9299999999999997
1237,1.255
1238,0.5700000000000001
1239,11.55
1240,10.965
1241,7.35
1242,6.415000000000001
1243,4.17
1244,11.190000000000001
1245,8.11
1246,3.765
1247,6.03
1248,3.685
1249,3.085
1250,0.8300000000000001
1251,11.05
1252,7.245
1253,6.779999999999999
1254,7.585
1255,5.41
1256,2.21
1257,1.21
1258,14.8
1259,12.215
1260,14.3
1261,10.27
1262,10.35
1263,3.71
1264,2.83
1265,2.29
1266,2.46
1267,1.375
1268,0.61
1269,11.15
1270,10.455
1271,11.100000000000001
1272,6.1
1273,5.68
1274,1.12
1275,0.8200000000000001
1276,12.0
1277,9.05
1278,13.4
1279,12.8
1280,9.665
1281,5.095
1282,1.3199999999999998
1283,0.605
1284,15.05
1285,11.785
1286,12.05
1287,7.074999999999999
1288,9.395
1289,5.859999999999999
1290,17.8
1291,18.6
1292,12.754999999999999
1293,13.75
1294,9.035
1295,6.41
1296,2.915
1297,1.695
1298,0.525
1299,12.649999999999999
1300,10.08
1301,13.8
1302,16.25
1303,6.220000000000001
1304,4.365
1305,0.5700000000000001
1306,14.899999999999999
1307,17.35
1308,10.145
1309,11.25
1310,7.984999999999999
1311,7.55
1312,7.41
1313,4.720000000000001
1314,1.35
1315,1.6749999999999998
1316,12.625
1317,12.2
1318,15.8
1319,9.98
1320,6.77
1321,5.515000000000001
1322,3.785
1323,2.66
1324,1.2650000000000001
1325,17.450000000000003
1326,12.8
1327,11.8
1328,10.225
1329,12.15
1330,8.36
1331,1.665
1332,1.47
1333,1.62
1334,0.565
1335,15.85
1336,17.45
1337,11.065
1338,10.05
1339,12.85
1340,6.545
1341,5.65
1342,0.985
1343,1.1400000000000001
1344,0.86
1345,15.5
1346,16.5
1347,10.605
1348,17.549999999999997
1349,4.885
1350,3.29
1351,2.495
1352,2.02
1353,0.7649999999999999
1354,0.825
1355,20.15
1356,17.05
1357,8.275
1358,17.75
1359,8.035
1360,5.035
1361,3.3
1362,2.455
1363,2.55
1364,0.73
1365,10.975
1366,8.005
1367,7.870000000000001
1368,6.61
1369,8.17
1370,1.335
1371,1.01
1372,0.8899999999999999
1373,12.05
1374,9.465
1375,7.355
1376,6.449999999999999
1377,2.995
1378,2.765
1379,2.245
1380,0.8300000000000001
1381,0.685
1382,19.0
1383,9.504999999999999
1384,16.3
1385,7.22
1386,5.515000000000001
1387,4.9
1388,5.295
1389,4.88
1390,4.415
1391,1.06
1392,19.35
1393,17.9
1394,7.35
1395,3.235
1396,4.785
1397,1.835
1398,0.9650000000000001
1399,17.8
1400,21.1
1401,12.95
1402,12.85
1403,6.775
1404,8.485
1405,4.39
1406,2.91
1407,13.100000000000001
1408,12.45
1409,16.05
1410,11.120000000000001
1411,5.445
1412,1.985
1413,2.46
1414,11.745000000000001
1415,13.75
1416,10.6
1417,7.015000000000001
1418,3.84
1419,4.285
1420,3.535
1421,2.0949999999999998
1422,13.05
1423,10.245000000000001
1424,7.065
1425,5.865
1426,2.315
1427,1.46
1428,1.17
1429,1.38
1430,0.675
1431,14.4
1432,6.775
1433,13.399999999999999
1434,8.525
1435,8.675
1436,3.255
1437,2.25
1438,5.15
1439,2.23
1440,0.7150000000000001
1441,17.450000000000003
1442,14.05
1443,7.785
1444,6.36
1445,9.015
1446,4.935
1447,4.805
1448,2.58
1449,2.06
1450,1.97
1451,15.1
1452,13.55
1453,7.6850000000000005
1454,7.004999999999999
1455,4.1450000000000005
1456,4.62
1457,3.06
1458,4.165
1459,1.01
1460,0.98
1461,15.5
1462,13.8
1463,16.4
1464,8.275
1465,7.15
1466,5.055
1467,1.87
1468,1.4949999999999999
1469,0.895
1470,10.7
1471,14.7
1472,8.32
1473,8.684999999999999
1474,4.565
1475,3.27
1476,2.615
1477,3.2199999999999998
1478,1.03
1479,15.25
1480,14.15
1481,19.4
1482,12.600000000000001
1483,12.7
1484,7.115
1485,5.859999999999999
1486,5.395
1487,2.36
1488,0.935
1489,0.72
1490,16.65
1491,17.1
1492,14.8
1493,13.100000000000001
1494,13.350000000000001
1495,2.9299999999999997
1496,4.385
1497,2.135
1498,1.105
1499,0.575
1500,17.85
1501,15.75
1502,12.95
1503,10.955
1504,11.45
1505,5.904999999999999
1506,1.865
1507,1.3
1508,13.5
1509,12.434999999999999
1510,9.33
1511,14.75
1512,8.575
1513,5.805
1514,1.825
1515,2.895
1516,1.77
1517,1.075
1518,0.865
1519,11.3
1520,10.84
1521,3.405
1522,2.48
1523,2.4
1524,1.1
1525,0.9850000000000001
1526,10.045
1527,10.295
1528,11.5
1529,7.6049999999999995
1530,5.86
1531,4.22
1532,4.015000000000001
1533,4.76
1534,2.185
1535,2.0
1536,2.06
1537,0.8049999999999999
1538,13.55
1539,13.4
1540,4.3100000000000005
1541,5.05
1542,2.87
1543,1.37
1544,11.3
1545,11.64
1546,7.540000000000001
1547,10.6
1548,3.115
1549,3.735
1550,1.725
1551,0.615
1552,11.899999999999999
1553,7.225
1554,4.99
1555,4.02
1556,4.7
1557,3.695
1558,2.5300000000000002
1559,2.83
1560,0.95
1561,1.1749999999999998
1562,10.7
1563,9.055
1564,9.01
1565,5.095000000000001
1566,5.74
1567,5.154999999999999
1568,4.785
1569,1.125
1570,1.19
1571,0.73
1572,13.25
1573,14.2
1574,12.030000000000001
1575,16.2
1576,4.09
1577,4.4
1578,2.58
1579,2.495
1580,1.07
1581,0.96
1582,0.5599999999999999
1583,10.495000000000001
1584,12.35
1585,10.844999999999999
1586,12.1
1587,6.42
1588,4.915
1589,2.24
1590,1.905
1591,1.58
1592,1.3599999999999999
1593,15.25
1594,3.625
1595,4.635
1596,2.5949999999999998
1597,3.005
1598,1.625
1599,0.99
1600,11.955
1601,12.649999999999999
1602,6.154999999999999
1603,4.835
1604,3.895
1605,5.87
1606,3.65
1607,1.88
1608,1.74
1609,15.149999999999999
1610,14.6
1611,9.47
1612,8.2
1613,6.665
1614,4.36
1615,2.285
1616,1.0
1617,0.745
1618,0.61
1619,19.549999999999997
1620,21.6
1621,9.325
1622,8.59
1623,5.74
1624,4.99
1625,2.7199999999999998
1626,0.745
1627,17.6
1628,17.3
1629,7.165
1630,8.045
1631,5.145
1632,3.1799999999999997
1633,1.845
1634,18.75
1635,15.15
1636,11.9
1637,17.6
1638,4.935
1639,5.16
1640,7.835
1641,12.149999999999999
1642,13.149999999999999
1643,14.7
1644,15.8
1645,7.91
1646,5.5600000000000005
1647,2.8200000000000003
1648,0.9
1649,0.855
1650,13.55
1651,18.25
1652,10.33
1653,8.695
1654,7.375
1655,7.67
1656,5.025
1657,2.705
1658,2.045
1659,0.65
1660,17.55
1661,11.075
1662,9.65
1663,13.55
1664,8.715
1665,8.74
1666,6.0
1667,2.245
1668,12.2
1669,11.155000000000001
1670,17.1
1671,7.970000000000001
1672,7.98
1673,6.609999999999999
1674,4.495
1675,2.77
1676,1.1
1677,11.465
1678,13.3
1679,10.95
1680,5.109999999999999
1681,6.16
1682,6.695
1683,2.665
1684,2.7
1685,4.0649999999999995
1686,1.095
1687,13.45
1688,12.55
1689,20.85
1690,7.319999999999999
1691,9.99
1692,4.1850000000000005
1693,4.045
1694,1.95
1695,1.385
1696,15.75
1697,13.600000000000001
1698,14.149999999999999
1699,16.0
1700,5.945
1701,5.33
1702,4.83
1703,4.37
1704,3.685
1705,1.2650000000000001
1706,12.280000000000001
1707,11.25
1708,6.855
1709,6.34
1710,6.39
1711,4.640000000000001
1712,3.8449999999999998
1713,3.935
1714,2.5
1715,14.049999999999999
1716,14.3
1717,12.0
1718,4.16
1719,3.855
1720,2.165
1721,1.335
1722,0.865
1723,14.649999999999999
1724,15.399999999999999
1725,7.785
1726,10.55
1727,3.74
1728,5.015000000000001
1729,3.525
1730,4.585
1731,18.25
1732,14.100000000000001
1733,10.525
1734,10.5
1735,4.98
1736,4.935
1737,4.32
1738,2.3449999999999998
1739,1.44
1740,1.22
1741,21.65
1742,13.899999999999999
1743,11.07
1744,10.844999999999999
1745,9.57
1746,5.63
1747,5.035
1748,4.23
1749,3.155
1750,2.02
1751,3.175
1752,0.595
1753,14.75
1754,20.35
1755,9.379999999999999
1756,7.625
1757,7.015000000000001
1758,5.09
1759,5.605
1760,1.98
1761,26.55
1762,15.65
1763,14.05
1764,9.57
1765,7.800000000000001
1766,7.29
1767,7.595000000000001
1768,6.199999999999999
1769,3.705
1770,0.81
1771,0.53
1772,21.5
1773,12.149999999999999
1774,13.15
1775,11.96
1776,6.709999999999999
1777,9.865
1778,5.665
1779,3.01
1780,2.4699999999999998
1781,1.835
1782,0.72
1783,13.85
1784,18.9
1785,9.17
1786,7.1
1787,6.699999999999999
1788,3.8200000000000003
1789,1.5
1790,15.7
1791,17.45
1792,22.25
1793,15.45
1794,4.26
1795,4.17
1796,1.1800000000000002
1797,0.55
1798,0.55
1799,18.950000000000003
1800,10.355
1801,8.19
1802,9.045
1803,10.425
1804,8.719999999999999
1805,6.32
1806,1.45
1807,0.56
1808,23.85
1809,16.0
1810,13.15
1811,7.92
1812,9.085
1813,5.6850000000000005
1814,5.605
1815,2.705
1816,3.38
1817,1.91
1818,0.635
1819,13.25
1820,8.4
1821,7.375
1822,10.015
1823,2.2
1824,2.31
1825,1.87
1826,0.665
1827,0.535
1828,18.3
1829,19.55
1830,13.2
1831,6.295
1832,6.455
1833,7.46
1834,2.035
1835,18.15
1836,17.4
1837,14.25
1838,9.07
1839,5.335
1840,5.115
1841,4.445
1842,3.635
1843,2.425
1844,1.835
1845,1.9049999999999998
1846,0.8999999999999999
1847,11.870000000000001
1848,12.75
1849,6.165
1850,4.65
1851,4.765000000000001
1852,2.025
1853,16.9
1854,10.4
1855,8.655
1856,5.765000000000001
1857,5.68
1858,5.64
1859,1.805
1860,1.25
1861,12.365
1862,9.905000000000001
1863,9.7
1864,5.67
1865,1.505
1866,1.54
1867,1.795
1868,1.375
1869,7.715
1870,18.0
1871,10.26
1872,12.600000000000001
1873,10.005
1874,8.895
1875,7.405
1876,2.5300000000000002
1877,3.01
1878,1.515
1879,1.62
1880,0.64
1881,16.5
1882,8.265
1883,10.625
1884,16.25
1885,7.04
1886,2.8449999999999998
1887,2.3049999999999997
1888,2.045
1889,1.385
1890,0.835
1891,0.77
1892,16.55
1893,17.65
1894,13.1
1895,12.75
1896,7.035
1897,6.09
1898,7.31
1899,4.075
1900,3.19
1901,3.5
1902,1.9849999999999999
1903,0.64
1904,22.55
1905,16.45
1906,15.55
1907,7.345
1908,6.83
1909,5.805
1910,4.085
1911,7.095000000000001
1912,1.4449999999999998
1913,0.8700000000000001
1914,0.9750000000000001
1915,0.8150000000000001
1916,21.6
1917,15.9
1918,7.5200000000000005
1919,5.325
1920,5.215
1921,5.645
1922,3.005
1923,2.2649999999999997
1924,1.13
1925,17.65
1926,15.05
1927,9.25
1928,5.275
1929,4.3
1930,3.04
1931,3.875
1932,4.4
1933,14.1
1934,9.165
1935,10.5
1936,12.25
1937,8.24
1938,3.075
1939,1.6600000000000001
1940,19.6
1941,12.045
1942,15.0
1943,9.885
1944,3.5300000000000002
1945,3.165
1946,1.685
1947,0.6799999999999999
1948,17.25
1949,15.25
1950,6.96
1951,8.1
1952,8.085
1953,5.27
1954,4.275
1955,5.225
1956,1.835
1957,1.38
1958,12.55
1959,11.25
1960,9.870000000000001
1961,7.13
1962,4.945
1963,4.0
1964,2.645
1965,1.925
1966,2.51
1967,1.09
1968,17.5
1969,10.99
1970,9.9
1971,6.359999999999999
1972,5.574999999999999
1973,3.51
1974,3.75
1975,2.875
1976,17.25
1977,20.75
1978,11.45
1979,5.445
1980,3.05
1981,0.58
1982,21.35
1983,14.45
1984,9.254999999999999
1985,8.255
1986,9.965
1987,7.695
1988,5.8149999999999995
1989,4.495
1990,4.655
1991,1.225
1992,22.55
1993,17.65
1994,15.2
1995,14.5
1996,12.55
1997,5.574999999999999
1998,6.265000000000001
1999,2.31
2000,1.815
2001,19.299999999999997
2002,15.2
2003,15.45
2004,11.165
2005,6.095000000000001
2006,5.375
2007,3.83
2008,2.505
2009,19.55
2010,16.049999999999997
2011,14.4
2012,8.38
2013,6.32
2014,3.6899999999999995
2015,2.74
2016,1.51
2017,17.049999999999997
2018,16.25
2019,10.665
2020,4.12
2021,1.6800000000000002
2022,1.345
2023,10.585
2024,15.9
2025,12.129999999999999
2026,10.815000000000001
2027,10.725
2028,8.184999999999999
2029,7.42
2030,13.9
2031,14.65
2032,14.950000000000001
2033,8.945
2034,1.9050000000000002
2035,2.3
2036,0.815
2037,17.95
2038,14.15
2039,10.605
2040,15.7
2041,7.535
2042,11.850000000000001
2043,7.085
2044,0.785
2045,10.440000000000001
2046,9.85
2047,6.94
2048,8.46
2049,7.720000000000001
2050,5.525
2051,5.325
2052,5.734999999999999
2053,2.085
2054,0.63
2055,13.5
2056,7.9350000000000005
2057,6.35
2058,3.225
2059,1.875
2060,18.450000000000003
2061,11.245000000000001
2062,7.18
2063,8.535
2064,3.58
2065,3.405
2066,2.21
2067,22.15
2068,14.55
2069,9.405
2070,13.55
2071,6.96
2072,8.05
2073,7.865
2074,5.234999999999999
2075,4.045
2076,2.0549999999999997
2077,11.02
2078,11.04
2079,8.805
2080,11.4
2081,5.98
2082,6.0
2083,2.3
2084,1.925
2085,1.19
2086,1.0350000000000001
2087,14.350000000000001
2088,12.2
2089,20.6
2090,7.234999999999999
2091,6.345
2092,6.875
2093,9.754999999999999
2094,5.495
2095,0.56
2096,9.93
2097,9.22
2098,8.615
2099,12.9
2100,5.335
2101,4.235
2102,1.38
2103,1.325
2104,0.605
2105,11.825
2106,14.350000000000001
2107,20.45
2108,14.100000000000001
2109,5.66
2110,6.91
2111,4.05
2112,0.5449999999999999
2113,12.45
2114,14.5
2115,7.17
2116,10.25
2117,6.0
2118,5.65
2119,6.475
2120,3.61
2121,6.045
2122,4.19
2123,3.1550000000000002
2124,0.8200000000000001
2125,11.83
2126,13.65
2127,13.5
2128,5.17
2129,3.64
2130,2.05
2131,2.1
2132,1.4300000000000002
2133,0.58
2134,10.815000000000001
2135,13.7
2136,8.16
2137,10.125
2138,6.645
2139,3.835
2140,4.605
2141,1.905
2142,1.805
2143,12.399999999999999
2144,10.35
2145,7.1850000000000005
2146,7.6
2147,5.075
2148,4.54
2149,1.31
2150,0.62
2151,12.85
2152,10.65
2153,9.385
2154,15.9
2155,7.26
2156,9.260000000000002
2157,5.775
2158,5.654999999999999
2159,4.35
2160,3.215
2161,2.425
2162,15.75
2163,13.7
2164,9.965
2165,6.015000000000001
2166,6.3
2167,5.09
2168,4.545
2169,2.955
2170,2.12
2171,1.01
2172,1.4449999999999998
2173,0.675
2174,18.65
2175,10.649999999999999
2176,14.3
2177,6.4399999999999995
2178,5.33
2179,1.575
2180,15.649999999999999
2181,9.815000000000001
2182,9.504999999999999
2183,16.1
2184,8.469999999999999
2185,8.085
2186,0.94
2187,0.66
2188,17.8
2189,6.734999999999999
2190,4.72
2191,4.37
2192,3.47
2193,2.665
2194,0.675
2195,0.55
2196,11.83
2197,11.350000000000001
2198,9.405000000000001
2199,6.505000000000001
2200,6.265000000000001
2201,3.395
2202,2.15
2203,1.05
2204,11.05
2205,10.9
2206,9.89
2207,6.404999999999999
2208,3.885
2209,3.1950000000000003
2210,2.07
2211,0.565
2212,7.87
2213,7.115
2214,5.08
2215,3.92
2216,3.7649999999999997
2217,5.355
2218,0.72
2219,0.56
2220,16.5
2221,20.05
2222,12.95
2223,8.3
2224,4.425000000000001
2225,5.355
2226,3.6449999999999996
2227,1.995
2228,1.925
2229,16.9
2230,10.19
2231,9.004999999999999
2232,7.525
2233,7.705
2234,7.575
2235,7.449999999999999
2236,4.575
2237,3.085
2238,3.295
2239,1.355
2240,1.4100000000000001
2241,15.6
2242,8.585
2243,5.3100000000000005
2244,4.745
2245,7.97
2246,7.285
2247,2.5300000000000002
2248,1.62
2249,1.745
2250,0.53
2251,13.3
2252,10.415
2253,9.165
2254,13.7
2255,6.6850000000000005
2256,4.38
2257,2.37
2258,1.085
2259,0.875
2260,14.75
2261,12.649999999999999
2262,8.33
2263,8.235
2264,4.18
2265,1.67
2266,13.7
2267,25.700000000000003
2268,16.55
2269,13.65
2270,16.299999999999997
2271,12.1
2272,9.875
2273,2.41
2274,2.895
2275,1.665
2276,21.7
2277,8.870000000000001
2278,11.129999999999999
2279,13.45
2280,7.265
2281,5.115
2282,1.9900000000000002
2283,1.2149999999999999
2284,1.795
2285,1.4649999999999999
2286,22.049999999999997
2287,10.565000000000001
2288,11.5
2289,9.04
2290,8.6
2291,5.215
2292,3.25
2293,2.475
2294,2.945
2295,12.295
2296,14.25
2297,3.6
2298,3.185
2299,2.24
2300,2.165
2301,13.399999999999999
2302,11.7
2303,11.2
2304,2.46
2305,14.100000000000001
2306,11.05
2307,9.675
2308,5.575
2309,4.54
2310,3.2750000000000004
2311,2.5549999999999997
2312,1.2
2313,2.065
2314,0.595
2315,16.4
2316,15.149999999999999
2317,15.350000000000001
2318,8.995000000000001
2319,2.935
2320,1.55
2321,1.555
2322,0.78
2323,0.98
2324,11.745000000000001
2325,10.95
2326,7.265
2327,7.720000000000001
2328,5.55
2329,3.41
2330,2.6799999999999997
2331,2.01
2332,0.95
2333,1.075
2334,13.9
2335,9.64
2336,8.684999999999999
2337,5.01
2338,4.51
2339,4.41
2340,3.25
2341,3.3899999999999997
2342,0.8
2343,1.0699999999999998
2344,0.5800000000000001
2345,22.85
2346,8.385
2347,5.635
2348,6.42
2349,5.5
2350,1.805
2351,0.66
2352,15.35
2353,6.875
2354,7.08
2355,4.02
2356,1.185
2357,1.21
2358,1.005
2359,1.505
2360,13.3
2361,9.59
2362,7.265000000000001
2363,5.525
2364,3.5700000000000003
2365,1.2
2366,1.28
2367,1.04
2368,11.265
2369,12.65
2370,7.4
2371,5.335
2372,4.685
2373,4.155
2374,1.98
2375,0.81
2376,12.85
2377,13.8
2378,19.7
2379,7.305
2380,4.585
2381,2.325
2382,2.115
2383,1.115
2384,26.1
2385,18.15
2386,15.2
2387,19.7
2388,5.455
2389,9.5
2390,4.7
2391,5.3100000000000005
2392,3.99
2393,2.6799999999999997
2394,1.245
2395,12.855
2396,20.5
2397,13.25
2398,11.45
2399,8.059999999999999
2400,8.05
2401,5.31
2402,5.035
2403,0.725
2404,16.2
2405,14.4
2406,7.460000000000001
2407,7.07
2408,7.275
2409,4.05
2410,1.7449999999999999
2411,1.525
2412,20.9
2413,13.25
2414,9.93
2415,17.8
2416,10.695
2417,7.334999999999999
2418,3.825
2419,2.9050000000000002
2420,2.285
2421,16.45
2422,13.09
2423,10.21
2424,14.75
2425,13.35
2426,9.135
2427,1.225
2428,0.725
2429,0.585
2430,0.75
2431,0.545
2432,11.045
2433,10.815
2434,11.2
2435,7.859999999999999
2436,5.92
2437,5.3100000000000005
2438,2.465
2439,0.515
2440,23.450000000000003
2441,17.0
2442,8.44
2443,11.26
2444,3.675
2445,3.0149999999999997
2446,2.275
2447,1.155
2448,1.46
2449,0.79
2450,24.5
2451,13.950000000000001
2452,12.7
2453,19.6
2454,14.399999999999999
2455,5.345000000000001
2456,4.395
2457,3.3200000000000003
2458,3.0549999999999997
2459,13.55
2460,14.0
2461,8.385
2462,12.515
2463,15.5
2464,6.91
2465,4.145
2466,5.495
2467,3.215
2468,8.83
2469,11.65
2470,8.605
2471,6.3950000000000005
2472,7.6450000000000005
2473,6.425000000000001
2474,4.465
2475,2.145
2476,1.345
2477,1.885
2478,14.15
2479,7.32
2480,10.5
2481,10.6
2482,7.084999999999999
2483,1.2799999999999998
2484,1.315
2485,0.575
2486,7.0649999999999995
2487,13.3
2488,10.33
2489,10.3
2490,8.155
2491,6.710000000000001
2492,5.885
2493,1.7200000000000002
2494,0.5800000000000001
2495,12.65
2496,6.095000000000001
2497,5.795
2498,4.1049999999999995
2499,3.945
2500,3.09
2501,12.350000000000001
2502,6.515000000000001
2503,13.7
2504,8.155
2505,8.64
2506,9.17
2507,4.845
2508,3.98
2509,1.175
2510,0.795
2511,14.55
2512,14.8
2513,7.744999999999999
2514,5.07
2515,5.01
2516,4.32
2517,2.35
2518,1.415
2519,11.535
2520,10.45
2521,8.895
2522,9.4
2523,6.67
2524,6.425
2525,7.55
2526,1.565
2527,1.5099999999999998
2528,12.5
2529,13.3
2530,12.65
2531,6.07
2532,6.015
2533,4.965
2534,1.095
2535,11.850000000000001
2536,9.3
2537,8.78
2538,6.295
2539,5.35
2540,3.01
2541,1.5550000000000002
2542,9.620000000000001
2543,10.25
2544,10.24
2545,14.95
2546,6.9350000000000005
2547,6.03
2548,4.835
2549,1.3599999999999999
2550,12.8
2551,11.215
2552,17.45
2553,7.695
2554,4.92
2555,3.955
2556,3.7299999999999995
2557,3.59
2558,2.2800000000000002
2559,13.05
2560,13.57
2561,16.15
2562,10.184999999999999
2563,4.72
2564,4.64
2565,2.275
2566,2.16
2567,1.99
2568,13.45
2569,11.530000000000001
2570,9.22
2571,14.7
2572,8.55
2573,5.45
2574,4.485
2575,1.51
2576,1.725
2577,12.775
2578,9.105
2579,11.3
2580,7.885
2581,7.8100000000000005
2582,5.53
2583,4.53
2584,2.3899999999999997
2585,1.425
2586,0.745
2587,11.23
2588,12.95
2589,7.715
2590,6.915
2591,6.51
2592,6.165
2593,4.45
2594,1.7349999999999999
2595,1.9899999999999998
2596,1.565
2597,13.15
2598,6.904999999999999
2599,16.1
2600,4.84
2601,5.21
2602,3.745
2603,3.645
2604,0.64
2605,23.5
2606,12.399999999999999
2607,13.65
2608,8.565
2609,9.295
2610,5.265000000000001
2611,6.42
2612,3.215
2613,7.86
2614,8.66
2615,6.21
2616,6.865
2617,6.615
2618,6.09
2619,4.445
2620,4.425
2621,1.75
2622,13.600000000000001
2623,8.675
2624,6.895
2625,6.050000000000001
2626,7.654999999999999
2627,4.59
2628,4.235
2629,3.585
2630,3.23
2631,1.4249999999999998
2632,2.0700000000000003
2633,0.86
2634,0.52
2635,11.899999999999999
2636,11.100000000000001
2637,6.744999999999999
2638,4.07
2639,3.17
2640,3.815
2641,1.585
2642,0.76
2643,1.1099999999999999
2644,0.5449999999999999
2645,7.675000000000001
2646,10.455
2647,8.8
2648,10.1
2649,9.54
2650,6.449999999999999
2651,3.5
2652,1.065
2653,0.755
2654,1.16
2655,0.68
2656,0.5349999999999999
2657,13.75
2658,17.75
2659,9.445
2660,7.09
2661,6.674999999999999
2662,1.31
2663,1.525
2664,1.21
2665,0.75
2666,17.25
2667,12.355
2668,7.855
2669,5.529999999999999
2670,2.505
2671,2.725
2672,2.1799999999999997
2673,1.4649999999999999
2674,0.8700000000000001
2675,14.0
2676,16.5
2677,6.720000000000001
2678,7.345
2679,4.81
2680,4.115
2681,4.605
2682,1.08
2683,1.27
2684,20.45
2685,8.225
2686,12.1
2687,14.8
2688,4.81
2689,2.7649999999999997
2690,3.18
2691,1.575
2692,1.02
2693,0.585
2694,15.600000000000001
2695,12.1
2696,11.9
2697,9.285
2698,6.425000000000001
2699,4.635
2700,8.02
2701,3.825
2702,4.17
2703,3.315
2704,1.32
2705,0.53
2706,11.45
2707,8.74
2708,6.1850000000000005
2709,4.785
2710,5.23
2711,3.9450000000000003
2712,2.4000000000000004
2713,1.3
2714,15.350000000000001
2715,12.5
2716,6.515
2717,4.545
2718,4.965
2719,3.875
2720,1.985
2721,2.105
2722,1.825
2723,1.58
2724,1.575
2725,10.55
2726,10.04
2727,14.850000000000001
2728,11.64
2729,8.51
2730,7.295
2731,5.675
2732,2.0700000000000003
2733,2.295
2734,1.095
2735,12.155000000000001
2736,11.885
2737,8.1
2738,9.39
2739,15.9
2740,9.52
2741,2.5549999999999997
2742,1.875
2743,1.385
2744,1.175
2745,15.649999999999999
2746,14.350000000000001
2747,7.450000000000001
2748,17.65
2749,12.0
2750,7.5600000000000005
2751,4.4
2752,3.575
2753,0.9750000000000001
2754,0.5700000000000001
2755,19.0
2756,12.015
2757,16.3
2758,9.9
2759,5.9
2760,3.035
2761,1.98
2762,2.21
2763,1.83
2764,0.66
2765,15.95
2766,14.05
2767,15.4
2768,8.69
2769,5.34
2770,4.4
2771,3.975
2772,1.3199999999999998
2773,1.345
2774,10.68
2775,13.15
2776,5.795
2777,7.285
2778,5.25
2779,6.495
2780,1.325
2781,3.535
2782,0.76
2783,16.4
2784,13.5
2785,9.86
2786,11.25
2787,4.445
2788,2.565
2789,2.465
2790,1.7999999999999998
2791,2.0949999999999998
2792,14.600000000000001
2793,16.4
2794,14.5
2795,7.674999999999999
2796,7.06
2797,4.435
2798,5.28
2799,4.06
2800,3.6500000000000004
2801,2.1550000000000002
2802,1.77
2803,11.92
2804,11.850000000000001
2805,15.3
2806,11.77
2807,7.299999999999999
2808,7.675
2809,5.765
2810,5.93
2811,3.34
2812,1.615
2813,20.049999999999997
2814,12.25
2815,9.940000000000001
2816,12.600000000000001
2817,10.17
2818,7.445
2819,7.459999999999999
2820,7.609999999999999
2821,3.955
2822,0.965
2823,17.0
2824,12.399999999999999
2825,9.675
2826,7.32
2827,6.109999999999999
2828,4.38
2829,7.36
2830,6.445
2831,3.77
2832,0.855
2833,24.700000000000003
2834,15.35
2835,14.399999999999999
2836,14.5
2837,9.98
2838,10.055
2839,7.495
2840,4.945
2841,0.6799999999999999
2842,21.6
2843,12.95
2844,13.3
2845,11.515
2846,13.700000000000001
2847,7.62
2848,6.0
2849,3.33
2850,2.555
2851,1.5999999999999999
2852,22.4
2853,16.3
2854,10.85
2855,10.785
2856,9.2
2857,5.72
2858,5.0649999999999995
2859,3.4749999999999996
2860,2.95
2861,1.435
2862,0.595
2863,11.73
2864,13.65
2865,19.05
2866,9.24
2867,9.5
2868,9.145
2869,6.075
2870,3.425
2871,3.59
2872,2.3
2873,4.305
2874,1.335
2875,1.155
2876,13.2
2877,14.85
2878,9.605
2879,20.35
2880,7.655
2881,10.025
2882,7.78
2883,4.93
2884,2.0
2885,1.245
2886,20.9
2887,13.75
2888,12.95
2889,7.07
2890,10.4
2891,7.305
2892,4.935
2893,3.695
2894,3.05
2895,3.16
2896,15.6
2897,12.945
2898,16.4
2899,8.865
2900,3.86
2901,4.795
2902,1.4649999999999999
2903,1.37
2904,1.01
2905,0.8999999999999999
2906,1.01
2907,20.9
2908,15.8
2909,20.3
2910,11.05
2911,4.345000000000001
2912,2.045
2913,1.27
2914,1.165
2915,18.75
2916,10.465
2917,14.9
2918,8.755
2919,10.05
2920,5.79
2921,4.4350000000000005
2922,5.655
2923,3.33
2924,0.735
2925,17.1
2926,6.655
2927,14.399999999999999
2928,9.045
2929,8.9
2930,9.535
2931,7.285
2932,3.4850000000000003
2933,2.4850000000000003
2934,2.725
2935,2.4699999999999998
2936,1.315
2937,0.9550000000000001
2938,15.75
2939,14.95
2940,10.565000000000001
2941,8.945
2942,5.4350000000000005
2943,6.26
2944,6.025
2945,3.855
2946,4.525
2947,6.66
2948,3.28
2949,1.37
2950,1.35
2951,13.95
2952,11.25
2953,8.049999999999999
2954,8.27
2955,5.895
2956,5.48
2957,3.77
2958,1.5350000000000001
2959,2.33
2960,24.65
2961,21.0
2962,14.100000000000001
2963,10.35
2964,6.994999999999999
2965,7.83
2966,5.8100000000000005
2967,5.9
2968,2.2649999999999997
2969,1.6800000000000002
2970,12.45
2971,15.55
2972,12.094999999999999
2973,10.95
2974,10.649999999999999
2975,4.99
2976,7.52
2977,3.07
2978,1.0
2979,0.9099999999999999
2980,0.6
2981,15.45
2982,16.0
2983,17.0
2984,9.585
2985,6.619999999999999
2986,5.295
2987,5.875
2988,3.91
2989,2.07
2990,1.145
2991,18.75
2992,12.1
2993,11.385000000000002
2994,5.265000000000001
2995,1.255
2996,1.105
2997,1.1
2998,17.9
2999,23.0
3000,17.2
3001,12.58
3002,9.58
3003,8.385
3004,4.66
3005,2.755
3006,0.7000000000000001
3007,21.3
3008,12.600000000000001
3009,14.4
3010,15.5
3011,8.549999999999999
3012,9.695
3013,10.45
3014,5.074999999999999
3015,6.725
3016,2.275
3017,0.965
3018,0.825
3019,12.445
3020,15.75
3021,8.84
3022,7.5
3023,14.15
3024,8.525
3025,5.885
3026,1.985
3027,0.585
3028,15.05
3029,17.45
3030,10.879999999999999
3031,12.9
3032,8.765
3033,4.68
3034,2.4699999999999998
3035,1.0550000000000002
3036,1.51
3037,14.65
3038,21.5
3039,9.975
3040,15.8
3041,8.265
3042,7.345
3043,6.430000000000001
3044,4.025
3045,4.095000000000001
3046,5.525
3047,2.5700000000000003
3048,14.35
3049,8.78
3050,11.325
3051,21.700000000000003
3052,8.3
3053,7.33
3054,10.55
3055,4.885
3056,13.75
3057,11.775
3058,11.7
3059,18.5
3060,11.5
3061,7.23
3062,7.57
3063,10.32
3064,7.6
3065,1.735
3066,1.24
3067,14.600000000000001
3068,14.2
3069,8.28
3070,17.55
3071,5.75
3072,5.54
3073,4.125
3074,5.355
3075,2.31
3076,0.8899999999999999
3077,12.875
3078,9.175
3079,16.5
3080,10.915
3081,6.735
3082,6.17
3083,3.0949999999999998
3084,2.325
3085,2.565
3086,20.25
3087,8.885
3088,10.309999999999999
3089,6.625
3090,4.41
3091,2.765
3092,1.81
3093,1.6749999999999998
3094,1.2149999999999999
3095,0.77
3096,0.7
3097,20.799999999999997
3098,11.035
3099,12.5
3100,14.15
3101,8.79
3102,1.87
3103,0.97
3104,1.03
3105,0.8150000000000001
3106,16.95
3107,12.649999999999999
3108,9.165
3109,11.85
3110,7.705
3111,8.775
3112,3.135
3113,2.585
3114,0.815
3115,0.685
3116,13.100000000000001
3117,14.7
3118,7.805
3119,11.95
3120,14.3
3121,7.720000000000001
3122,4.48
3123,2.495
3124,15.75
3125,10.83
3126,6.045
3127,12.55
3128,6.630000000000001
3129,8.65
3130,3.625
3131,3.3150000000000004
3132,0.945
3133,14.95
3134,9.95
3135,9.75
3136,9.95
3137,7.279999999999999
3138,2.385
3139,1.255
3140,1.93
3141,0.635
3142,0.925
3143,13.9
3144,16.2
3145,11.105
3146,14.7
3147,8.975000000000001
3148,6.635
3149,1.895
3150,1.25
3151,0.775
3152,17.85
3153,13.25
3154,14.75
3155,9.105
3156,7.97
3157,3.2299999999999995
3158,1.355
3159,1.24
3160,1.7149999999999999
3161,13.25
3162,11.95
3163,14.6
3164,7.515000000000001
3165,8.745000000000001
3166,6.795
3167,2.415
3168,1.155
3169,0.785
3170,11.305
3171,10.6
3172,7.225
3173,7.855
3174,6.225
3175,10.475
3176,4.62
3177,0.7749999999999999
3178,0.885
3179,16.85
3180,9.2
3181,11.254999999999999
3182,7.605
3183,4.37
3184,3.0549999999999997
3185,2.79
3186,18.1
3187,9.4
3188,9.75
3189,17.95
3190,8.08
3191,5.925
3192,6.08
3193,2.17
3194,1.605
3195,1.5350000000000001
3196,15.4
3197,9.26
3198,5.484999999999999
3199,4.359999999999999
3200,2.5149999999999997
3201,1.985
3202,1.47
3203,12.5
3204,8.555
3205,10.46
3206,4.785
3207,6.395
3208,3.865
3209,2.9850000000000003
3210,1.615
3211,0.8150000000000001
3212,16.0
3213,9.355
3214,15.0
3215,9.43
3216,3.4
3217,2.52
3218,2.99
3219,3.3950000000000005
3220,1.21
3221,1.2850000000000001
3222,0.8400000000000001
3223,16.8
3224,11.58
3225,11.35
3226,10.915
3227,3.6
3228,4.26
3229,3.185
3230,4.335
3231,1.125
3232,18.65
3233,13.05
3234,9.215
3235,8.045
3236,4.785
3237,3.835
3238,4.035
3239,3.135
3240,1.405
3241,9.445
3242,10.49
3243,8.26
3244,6.595000000000001
3245,3.235
3246,2.99
3247,5.245
3248,2.205
3249,2.835
3250,0.75
3251,12.045
3252,10.969999999999999
3253,11.15
3254,6.545
3255,9.42
3256,4.345
3257,3.27
3258,2.4450000000000003
3259,0.8099999999999999
3260,9.965
3261,11.25
3262,11.45
3263,10.71
3264,7.715
3265,6.4399999999999995
3266,5.23
3267,4.06
3268,2.04
3269,0.63
3270,16.15
3271,10.2
3272,9.57
3273,12.15
3274,9.665
3275,1.855
3276,1.545
3277,0.9850000000000001
3278,14.7
3279,9.67
3280,5.53
3281,3.12
3282,2.4699999999999998
3283,0.505
3284,12.65
3285,10.02
3286,7.9
3287,12.7
3288,11.365
3289,7.12
3290,5.3950000000000005
3291,3.2350000000000003
3292,15.350000000000001
3293,11.1
3294,8.95
3295,8.775
3296,8.225
3297,7.995
3298,2.31
3299,1.32
3300,0.76
3301,0.53
3302,11.05
3303,7.87
3304,7.630000000000001
3305,6.455
3306,4.565
3307,7.23
3308,3.5300000000000002
3309,2.89
3310,1.4249999999999998
3311,0.99
3312,7.63
3313,6.875
3314,7.725
3315,5.13
3316,6.01
3317,5.755000000000001
3318,5.535
3319,4.175
3320,2.27
3321,8.955
3322,10.850000000000001
3323,11.0
3324,6.45
3325,4.795
3326,4.425
3327,3.4000000000000004
3328,2.31
3329,2.885
3330,1.3599999999999999
3331,1.065
3332,0.7
3333,17.8
3334,12.5
3335,14.15
3336,17.8
3337,10.15
3338,2.1950000000000003
3339,3.215
3340,1.21
3341,0.69
3342,0.5900000000000001
3343,12.05
3344,10.495000000000001
3345,9.515
3346,8.77
3347,8.435
3348,0.635
3349,10.530000000000001
3350,8.97
3351,15.8
3352,8.905000000000001
3353,8.46
3354,5.91
3355,4.355
3356,1.01
3357,10.015
3358,9.385
3359,9.54
3360,6.175000000000001
3361,4.395
3362,1.935
3363,0.74
3364,12.115
3365,14.55
3366,9.95
3367,8.49
3368,6.1
3369,3.105
3370,2.275
3371,1.605
3372,1.0350000000000001
3373,11.43
3374,13.2
3375,10.735
3376,7.16
3377,5.15
3378,9.035
3379,3.245
3380,3.54
3381,3.755
3382,3.135
3383,2.475
3384,18.65
3385,11.155000000000001
3386,10.095
3387,14.15
3388,6.605
3389,4.295
3390,2.7800000000000002
3391,1.89
3392,1.42
3393,5.47
3394,6.75
3395,7.244999999999999
3396,7.4350000000000005
3397,6.23
3398,3.325
3399,2.625
3400,3.045
3401,2.5700000000000003
3402,1.555
3403,0.85
3404,11.05
3405,8.05
3406,7.965
3407,9.335
3408,8.46
3409,4.76
3410,2.38
3411,1.255
3412,9.635
3413,7.195
3414,6.995
3415,5.1899999999999995
3416,2.87
3417,3.045
3418,4.165
3419,0.845
3420,5.86
3421,7.225
3422,6.135
3423,7.91
3424,3.325
3425,2.45
3426,1.315
3427,0.86
3428,0.505
3429,19.0
3430,12.2
3431,10.15
3432,6.9
3433,5.08
3434,3.945
3435,1.165
3436,0.93
3437,12.850000000000001
3438,10.165
3439,13.7
3440,4.92
3441,5.47
3442,3.4349999999999996
3443,6.0649999999999995
3444,4.045
3445,2.92
3446,1.44
3447,0.6
3448,9.03
3449,14.95
3450,9.415
3451,10.975
3452,7.505000000000001
3453,6.805
3454,4.65
3455,2.57
3456,0.785
3457,0.6100000000000001
3458,10.434999999999999
3459,13.05
3460,8.93
3461,9.445
3462,8.965
3463,5.995
3464,6.155
3465,1.12
3466,0.7450000000000001
3467,0.6100000000000001
3468,8.555
3469,7.289999999999999
3470,6.425
3471,6.515000000000001
3472,3.37
3473,3.835
3474,1.865
3475,1.03
3476,1.58
3477,11.55
3478,11.765
3479,17.05
3480,4.25
3481,3.19
3482,3.13
3483,2.125
3484,2.125
3485,2.41
3486,1.27
3487,13.7
3488,12.25
3489,11.969999999999999
3490,17.95
3491,5.805
3492,4.695
3493,3.2
3494,2.365
3495,2.62
3496,10.25
3497,10.22
3498,13.75
3499,9.58
3500,6.620000000000001
3501,4.535
3502,4.41
3503,4.535
3504,4.615
3505,2.525
3506,1.4
3507,0.735
3508,0.9650000000000001
3509,9.99
3510,13.55
3511,6.9350000000000005
3512,8.335
3513,7.674999999999999
3514,5.63
3515,4.5600000000000005
3516,1.885
3517,1.02
3518,0.94
3519,1.0699999999999998
3520,10.995000000000001
3521,15.3
3522,8.705
3523,6.5
3524,4.055
3525,1.64
3526,1.12
3527,17.25
3528,19.799999999999997
3529,18.55
3530,5.305
3531,5.24
3532,5.74
3533,3.805
3534,3.955
3535,2.565
3536,1.78
3537,0.83
3538,16.45
3539,7.225
3540,17.450000000000003
3541,8.675
3542,5.45
3543,2.5549999999999997
3544,2.54
3545,1.4500000000000002
3546,0.8600000000000001
3547,0.945
3548,0.9650000000000001
3549,1.0899999999999999
3550,19.6
3551,10.065000000000001
3552,20.3
3553,7.375
3554,10.14
3555,12.15
3556,5.57
3557,3.62
3558,2.51
3559,1.45
3560,0.87
3561,21.700000000000003
3562,11.995000000000001
3563,15.2
3564,8.515
3565,5.0
3566,3.35
3567,3.3600000000000003
3568,3.98
3569,1.755
3570,1.49
3571,0.685
3572,17.45
3573,15.5
3574,7.58
3575,5.23
3576,7.5
3577,4.390000000000001
3578,5.1049999999999995
3579,3.215
3580,4.09
3581,2.525
3582,0.9199999999999999
3583,15.0
3584,11.43
3585,17.0
3586,6.210000000000001
3587,4.855
3588,8.775
3589,2.415
3590,1.4
3591,26.1
3592,17.25
3593,12.15
3594,13.100000000000001
3595,6.005000000000001
3596,5.664999999999999
3597,1.95
3598,20.35
3599,8.870000000000001
3600,18.2
3601,10.184999999999999
3602,11.26
3603,6.1850000000000005
3604,2.86
3605,1.795
3606,1.175
3607,14.350000000000001
3608,10.7
3609,15.2
3610,9.43
3611,6.715
3612,6.525
3613,4.945
3614,2.95
3615,1.795
3616,19.049999999999997
3617,14.350000000000001
3618,10.094999999999999
3619,20.25
3620,6.255
3621,4.615
3622,3.62
3623,14.65
3624,11.6
3625,15.45
3626,14.9
3627,8.785
3628,7.195
3629,6.334999999999999
3630,3.3499999999999996
3631,3.38
3632,1.22
3633,0.915
3634,11.765
3635,10.815000000000001
3636,8.865
3637,13.9
3638,8.83
3639,8.02
3640,4.465
3641,4.175
3642,3.46
3643,3.155
3644,1.5699999999999998
3645,10.335
3646,10.649999999999999
3647,9.100000000000001
3648,9.745
3649,4.665
3650,4.6049999999999995
3651,3.825
3652,2.425
3653,1.42
3654,11.82
3655,10.445
3656,21.7
3657,9.99
3658,6.484999999999999
3659,4.5600000000000005
3660,4.555
3661,5.045
3662,1.595
3663,1.5150000000000001
3664,13.9
3665,11.765
3666,17.55
3667,8.305
3668,6.449999999999999
3669,6.365
3670,3.715
3671,1.04
3672,11.465
3673,17.25
3674,7.725
3675,10.6
3676,10.05
3677,6.775
3678,12.3
3679,10.805
3680,10.695
3681,9.575
3682,6.595
3683,4.785
3684,1.965
3685,2.145
3686,1.26
3687,1.15
3688,13.2
3689,12.1
3690,14.1
3691,8.075
3692,6.085
3693,4.380000000000001
3694,3.625
3695,1.97
3696,0.61
3697,17.4
3698,12.395
3699,12.4
3700,5.385
3701,5.085
3702,4.67
3703,5.015000000000001
3704,1.11
3705,0.68
3706,17.6
3707,11.25
3708,13.2
3709,7.645
3710,11.84
3711,7.94
3712,5.595000000000001
3713,2.575
3714,11.695
3715,11.55
3716,9.17
3717,9.215
3718,10.15
3719,6.4350000000000005
3720,6.585
3721,2.19
3722,1.395
3723,0.615
3724,12.195
3725,12.149999999999999
3726,18.0
3727,12.48
3728,9.545
3729,3.795
3730,3.3549999999999995
3731,0.7
3732,14.5
3733,13.75
3734,17.75
3735,8.33
3736,5.9350000000000005
3737,2.9450000000000003
3738,3.1500000000000004
3739,1.3199999999999998
3740,13.0
3741,11.350000000000001
3742,10.27
3743,14.75
3744,6.27
3745,5.055
3746,4.8
3747,4.745
3748,3.385
3749,3.05
3750,1.315
3751,11.15
3752,10.835
3753,17.2
3754,10.64
3755,6.92
3756,5.765000000000001
3757,5.435
3758,2.09
3759,0.9
3760,16.05
3761,16.25
3762,8.95
3763,9.305
3764,6.58
3765,2.0
3766,1.71
3767,0.94
3768,0.6950000000000001
3769,20.6
3770,20.0
3771,19.25
3772,7.9399999999999995
3773,6.545
3774,2.92
3775,0.9550000000000001
3776,19.95
3777,13.2
3778,19.25
3779,13.2
3780,8.12
3781,6.52
3782,3.42
3783,0.7
3784,23.299999999999997
3785,17.15
3786,18.5
3787,10.215
3788,4.8149999999999995
3789,4.585
3790,3.82
3791,0.66
3792,19.950000000000003
3793,18.55
3794,17.4
3795,7.18
3796,4.79
3797,3.19
3798,2.0
3799,0.935
3800,0.8600000000000001
3801,0.7749999999999999
3802,18.15
3803,19.4
3804,15.100000000000001
3805,21.35
3806,7.199999999999999
3807,4.324999999999999
3808,3.2
3809,1.3399999999999999
3810,0.615
3811,12.899999999999999
3812,7.45
3813,7.675
3814,5.765000000000001
3815,4.625
3816,1.545
3817,0.76
3818,20.75
3819,14.3
3820,16.200000000000003
3821,8.040000000000001
3822,3.995
3823,3.15
3824,1.51
3825,1.565
3826,1.155
3827,21.35
3828,14.3
3829,11.315000000000001
3830,13.45
3831,8.25
3832,3.2350000000000003
3833,3.385
3834,2.635
3835,0.9650000000000001
3836,28.4
3837,11.365
3838,6.15
3839,6.125
3840,5.265000000000001
3841,4.335
3842,3.875
3843,2.29
3844,2.135
3845,21.15
3846,11.85
3847,11.45
3848,6.29
3849,2.51
3850,2.8499999999999996
3851,1.24
3852,1.21
3853,15.75
3854,17.65
3855,9.19
3856,11.719999999999999
3857,7.6
3858,6.545
3859,6.48
3860,2.02
3861,0.76
3862,12.75
3863,13.75
3864,17.0
3865,12.0
3866,9.49
3867,6.645
3868,4.16
3869,3.3200000000000003
3870,1.095
3871,0.68
3872,17.85
3873,16.3
3874,11.5
3875,11.51
3876,7.275
3877,7.91
3878,5.545
3879,2.755
3880,2.515
3881,3.71
3882,0.725
3883,12.5
3884,15.25
3885,16.25
3886,11.665
3887,11.85
3888,11.434999999999999
3889,2.955
3890,2.63
3891,2.56
3892,1.62
3893,8.025
3894,13.0
3895,9.965
3896,12.65
3897,9.785
3898,4.595
3899,5.965
3900,2.5999999999999996
3901,4.33
3902,2.365
3903,2.51
3904,0.69
3905,0.595
3906,12.35
3907,17.95
3908,11.594999999999999
3909,9.095
3910,8.95
3911,4.02
3912,4.6
3913,1.99
3914,0.98
3915,11.765
3916,16.6
3917,9.215
3918,9.370000000000001
3919,9.75
3920,4.44
3921,2.305
3922,12.7
3923,10.975
3924,17.85
3925,16.15
3926,5.805
3927,6.880000000000001
3928,9.05
3929,5.875
3930,4.65
3931,3.565
3932,1.12
3933,17.75
3934,11.425
3935,8.695
3936,16.299999999999997
3937,8.379999999999999
3938,7.765000000000001
3939,19.7
3940,12.95
3941,15.0
3942,6.074999999999999
3943,7.74
3944,4.405
3945,2.7649999999999997
3946,2.035
3947,1.495
3948,0.94
3949,23.200000000000003
3950,14.55
3951,9.780000000000001
3952,6.73
3953,9.79
3954,2.58
3955,2.2
3956,1.865
3957,1.3399999999999999
3958,14.4
3959,12.600000000000001
3960,13.899999999999999
3961,9.02
3962,7.68
3963,4.345
3964,5.365
3965,3.085
3966,2.635
3967,0.69
3968,1.1949999999999998
3969,15.850000000000001
3970,12.32
3971,9.625
3972,8.895
3973,8.93
3974,10.39
3975,4.465
3976,3.87
3977,2.04
3978,2.1
3979,10.399999999999999
3980,6.215
3981,7.035
3982,10.015
3983,4.07
3984,5.605
3985,5.575
3986,4.01
3987,1.44
3988,7.795
3989,11.7
3990,9.370000000000001
3991,9.205
3992,9.945
3993,5.535
3994,3.3899999999999997
3995,2.05
3996,0.735
3997,10.95
3998,6.645
3999,6.27
4000,6.234999999999999
4001,3.5599999999999996
4002,4.61
4003,2.2800000000000002
4004,1.395
4005,1.52
4006,1.0899999999999999
4007,15.45
4008,11.15
4009,8.75
4010,4.78
4011,4.71
4012,2.49
4013,2.79
4014,1.255
4015,1.195
4016,16.15
4017,8.94
4018,9.215
4019,4.74
4020,4.95
4021,3.505
4022,2.27
4023,1.2650000000000001
4024,1.12
4025,16.05
4026,16.95
4027,9.695
4028,8.39
4029,6.095
4030,4.52
4031,5.82
4032,2.1399999999999997
4033,0.7050000000000001
4034,1.315
4035,17.75
4036,20.75
4037,8.405
4038,5.465
4039,4.234999999999999
4040,4.405
4041,2.335
4042,1.935
4043,0.67
4044,14.350000000000001
4045,21.2
4046,7.765000000000001
4047,8.91
4048,3.87
4049,2.545
4050,1.5
4051,1.8699999999999999
4052,0.815
4053,12.95
4054,9.775
4055,16.9
4056,6.9
4057,7.695
4058,4.845
4059,3.04
4060,2.95
4061,21.75
4062,11.625
4063,8.915
4064,8.01
4065,6.355
4066,6.165
4067,2.915
4068,2.87
4069,2.3
4070,1.6149999999999998
4071,0.645
4072,12.100000000000001
4073,13.65
4074,18.65
4075,7.994999999999999
4076,8.99
4077,3.365
4078,3.965
4079,3.9099999999999997
4080,20.55
4081,14.3
4082,12.129999999999999
4083,7.115
4084,6.68
4085,3.665
4086,2.8600000000000003
4087,2.55
4088,2.6550000000000002
4089,0.655
4090,1.495
4091,8.42
4092,10.735
4093,8.955
4094,7.09
4095,4.945
4096,2.0300000000000002
4097,1.565
4098,1.045
4099,0.7849999999999999
4100,7.885
4101,9.565000000000001
4102,7.125
4103,4.27
4104,3.0300000000000002
4105,1.355
4106,0.935
4107,18.6
4108,7.94
4109,7.345000000000001
4110,4.465
4111,2.075
4112,1.965
4113,1.335
4114,0.62
4115,14.25
4116,7.45
4117,7.140000000000001
4118,6.055
4119,2.01
4120,2.105
4121,1.65
4122,1.115
4123,1.365
4124,0.55
4125,15.0
4126,9.77
4127,15.600000000000001
4128,5.955
4129,3.965
4130,3.49
4131,3.695
4132,4.9799999999999995
4133,2.035
4134,1.67
4135,18.2
4136,13.350000000000001
4137,6.43
4138,2.21
4139,3.63
4140,2.32
4141,0.975
4142,10.219999999999999
4143,16.5
4144,8.59
4145,6.545
4146,6.215
4147,3.46
4148,2.475
4149,1.31
4150,11.75
4151,9.195
4152,10.0
4153,4.24
4154,3.175
4155,3.17
4156,1.35
4157,2.84
4158,13.350000000000001
4159,12.95
4160,6.585
4161,4.7
4162,6.345
4163,5.235
4164,3.795
4165,3.29
4166,1.245
4167,1.01
4168,12.45
4169,11.4
4170,12.75
4171,16.5
4172,3.565
4173,2.735
4174,1.395
4175,0.875
4176,9.585
4177,11.129999999999999
4178,15.7
4179,7.99
4180,6.095
4181,3.5650000000000004
4182,3.0149999999999997
4183,2.435
4184,16.25
4185,12.3
4186,9.73
4187,6.79
4188,4.7
4189,3.81
4190,4.205
4191,1.62
4192,1.58
4193,13.75
4194,16.7
4195,7.18
4196,5.904999999999999
4197,6.825
4198,4.095
4199,4.57
4200,4.245
4201,2.505
4202,3.115
4203,2.1799999999999997
4204,1.655
4205,0.825
4206,12.75
4207,8.78
4208,4.27
4209,8.775
4210,2.9699999999999998
4211,3.8049999999999997
4212,13.45
4213,10.655000000000001
4214,5.865
4215,6.885
4216,5.335
4217,3.26
4218,5.855
4219,3.98
4220,3.05
4221,1.565
4222,12.879999999999999
4223,9.870000000000001
4224,15.45
4225,8.905000000000001
4226,7.205
4227,5.18
4228,4.545
4229,3.4
4230,3.5600000000000005
4231,2.66
4232,1.785
4233,1.45
4234,15.25
4235,12.850000000000001
4236,17.1
4237,11.455
4238,5.235
4239,4.915
4240,1.92
4241,1.69
4242,0.92
4243,0.5800000000000001
4244,17.05
4245,14.35
4246,9.495000000000001
4247,16.4
4248,8.065
4249,5.449999999999999
4250,4.75
4251,2.21
4252,1.685
4253,0.9850000000000001
4254,1.15
4255,23.3
4256,15.950000000000001
4257,14.049999999999999
4258,10.415
4259,5.695
4260,2.5250000000000004
4261,1.58
4262,2.99
4263,0.59
4264,13.1
4265,15.350000000000001
4266,9.0
4267,8.865
4268,5.025
4269,5.16
4270,5.745
4271,1.5150000000000001
4272,0.6799999999999999
4273,0.685
4274,0.53
4275,17.25
4276,8.655
4277,8.115
4278,4.325
4279,3.88
4280,4.0649999999999995
4281,1.895
4282,1.04
4283,2.15
4284,0.67
4285,14.75
4286,7.09
4287,7.555
4288,3.9
4289,3.51
4290,4.185
4291,2.115
4292,1.62
4293,0.8250000000000001
4294,13.8
4295,8.620000000000001
4296,7.385
4297,4.475
4298,4.425
4299,2.85
4300,2.6
4301,13.600000000000001
4302,9.51
4303,6.805
4304,4.59
4305,5.199999999999999
4306,1.455
4307,0.725
4308,11.35
4309,14.4
4310,7.785
4311,10.425
4312,6.1850000000000005
4313,4.645
4314,1.14
4315,7.595000000000001
4316,8.614999999999998
4317,5.1850000000000005
4318,4.390000000000001
4319,3.195
4320,5.1
4321,1.975
4322,1.745
4323,7.385
4324,9.945
4325,6.699999999999999
4326,6.4
4327,5.15
4328,4.34
4329,4.92
4330,4.29
4331,1.975
4332,1.11
4333,10.605
4334,8.735
4335,6.505
4336,4.220000000000001
4337,3.25
4338,3.285
4339,3.29
4340,3.765
4341,1.1600000000000001
4342,2.075
4343,15.9
4344,14.45
4345,9.350000000000001
4346,4.83
4347,4.64
4348,5.865
4349,2.465
4350,2.19
4351,1.14
4352,14.4
4353,9.690000000000001
4354,6.49
4355,5.415
4356,3.8
4357,3.23
4358,1.1949999999999998
4359,1.1949999999999998
4360,0.855
4361,11.254999999999999
4362,8.370000000000001
4363,5.845000000000001
4364,5.195
4365,3.935
4366,3.33
4367,1.675
4368,13.7
4369,11.1
4370,12.149999999999999
4371,7.194999999999999
4372,5.984999999999999
4373,3.71
4374,3.085
4375,2.0549999999999997
4376,1.3199999999999998
4377,1.035
4378,13.1
4379,13.75
4380,9.835
4381,11.25
4382,5.484999999999999
4383,4.865
4384,4.66
4385,1.77
4386,2.65
4387,2.27
4388,9.93
4389,10.015
4390,7.960000000000001
4391,6.0
4392,3.6550000000000002
4393,3.0
4394,1.66
4395,1.9
4396,0.6950000000000001
4397,16.3
4398,8.52
4399,7.4399999999999995
4400,3.835
4401,2.9699999999999998
4402,2.92
4403,1.785
4404,1.4649999999999999
4405,0.74
4406,14.35
4407,9.105
4408,8.09
4409,5.775
4410,5.75
4411,5.445
4412,3.77
4413,1.75
4414,0.51
4415,14.05
4416,15.55
4417,5.705
4418,4.915
4419,2.13
4420,1.925
4421,1.38
4422,1.26
4423,0.855
4424,0.76
4425,12.75
4426,6.67
4427,3.16
4428,1.9649999999999999
4429,0.6900000000000001
4430,11.5
4431,9.09
4432,6.305
4433,6.765
4434,5.955
4435,2.145
4436,0.73
4437,0.58
4438,13.45
4439,11.565000000000001
4440,9.68
4441,9.05
4442,4.175
4443,1.7149999999999999
4444,1.185
4445,0.88
4446,16.0
4447,9.5
4448,16.2
4449,7.035
4450,8.44
4451,9.85
4452,4.18
4453,2.29
4454,1.095
4455,11.15
4456,7.4399999999999995
4457,15.5
4458,8.13
4459,4.87
4460,6.145
4461,6.5
4462,2.65
4463,3.485
4464,1.5350000000000001
4465,1.05
4466,15.25
4467,9.74
4468,10.399999999999999
4469,17.8
4470,20.75
4471,8.760000000000002
4472,9.43
4473,10.885
4474,4.875
4475,4.0
4476,0.525
4477,16.65
4478,19.1
4479,15.35
4480,9.42
4481,8.575
4482,6.795
4483,4.565
4484,4.78
4485,2.215
4486,14.8
4487,12.92
4488,14.850000000000001
4489,16.05
4490,7.84
4491,10.600000000000001
4492,5.515000000000001
4493,2.745
4494,2.6
4495,1.1
4496,11.3
4497,6.965
4498,13.15
4499,9.77
4500,6.6850000000000005
4501,5.0600000000000005
4502,2.42
4503,1.38
4504,12.95
4505,7.244999999999999
4506,4.775
4507,4.66
4508,4.975
4509,3.35
4510,1.15
4511,10.600000000000001
4512,10.45
4513,7.6
4514,8.125
4515,7.16
4516,4.38
4517,5.695
4518,3.135
4519,1.245
4520,1.04
4521,10.649999999999999
4522,9.184999999999999
4523,9.86
4524,6.0649999999999995
4525,4.67
4526,3.93
4527,2.92
4528,2.2199999999999998
4529,23.200000000000003
4530,11.600000000000001
4531,7.359999999999999
4532,5.845
4533,5.1049999999999995
4534,2.795
4535,2.54
4536,1.4500000000000002
4537,0.76
4538,15.850000000000001
4539,12.85
4540,11.2
4541,7.81
4542,10.33
4543,5.205
4544,3.535
4545,2.73
4546,3.89
4547,1.975
4548,1.1
4549,11.77
4550,12.399999999999999
4551,11.95
4552,7.279999999999999
4553,7.4399999999999995
4554,4.78
4555,4.675
4556,1.8199999999999998
4557,1.535
4558,0.6100000000000001
4559,0.875
4560,12.1
4561,12.0
4562,7.615
4563,7.535
4564,9.530000000000001
4565,7.395
4566,3.02
4567,3.63
4568,2.24
4569,13.7
4570,8.2
4571,15.2
4572,10.45
4573,8.69
4574,5.47
4575,1.62
4576,2.34
4577,1.275
4578,0.54
4579,0.51
4580,9.615
4581,9.965
4582,6.05
4583,6.825
4584,3.94
4585,3.5650000000000004
4586,2.74
4587,2.545
4588,1.17
4589,0.775
4590,13.15
4591,7.25
4592,6.945
4593,7.875
4594,4.91
4595,3.4349999999999996
4596,3.8550000000000004
4597,4.8
4598,1.88
4599,16.799999999999997
4600,10.35
4601,11.254999999999999
4602,17.6
4603,6.869999999999999
4604,2.59
4605,3.16
4606,1.51
4607,0.54
4608,8.605
4609,10.135
4610,14.0
4611,8.094999999999999
4612,9.28
4613,5.574999999999999
4614,0.75
4615,0.62
4616,12.1
4617,9.47
4618,12.55
4619,8.19
4620,5.33
4621,3.63
4622,4.145
4623,2.265
4624,1.4100000000000001
4625,1.375
4626,19.05
4627,18.7
4628,6.234999999999999
4629,5.46
4630,4.63
4631,5.6899999999999995
4632,3.3499999999999996
4633,2.21
4634,3.16
4635,1.125
4636,14.6
4637,9.055
4638,7.585
4639,9.530000000000001
4640,7.665
4641,3.8449999999999998
4642,2.5
4643,1.79
4644,1.81
4645,16.2
4646,15.2
4647,12.55
4648,9.620000000000001
4649,4.08
4650,4.9
4651,2.135
4652,3.6500000000000004
4653,2.26
4654,1.87
4655,1.035
4656,13.350000000000001
4657,8.72
4658,10.915
4659,14.95
4660,10.2
4661,5.640000000000001
4662,3.1500000000000004
4663,2.79
4664,1.865
4665,1.69
4666,15.9
4667,10.129999999999999
4668,11.9
4669,9.17
4670,7.11
4671,4.53
4672,3.3
4673,4.28
4674,2.2
4675,1.29
4676,2.6950000000000003
4677,14.75
4678,11.52
4679,8.145
4680,12.55
4681,7.27
4682,4.37
4683,1.4449999999999998
4684,1.16
4685,0.94
4686,13.75
4687,8.955
4688,6.9350000000000005
4689,8.82
4690,4.155
4691,4.75
4692,5.945
4693,4.475
4694,6.5649999999999995
4695,2.96
4696,2.4850000000000003
4697,1.31
4698,11.945
4699,8.879999999999999
4700,13.45
4701,13.100000000000001
4702,3.77
4703,2.175
4704,2.315
4705,0.9349999999999999
4706,9.855
4707,11.85
4708,10.535
4709,8.765
4710,4.91
4711,3.895
4712,1.97
4713,2.42
4714,1.4500000000000002
4715,1.215
4716,7.834999999999999
4717,11.3
4718,5.74
4719,5.8
4720,3.085
4721,2.46
4722,2.06
4723,1.565
4724,0.755
4725,13.850000000000001
4726,10.85
4727,16.549999999999997
4728,5.765
4729,7.075
4730,4.805
4731,3.565
4732,3.425
4733,2.855
4734,2.3449999999999998
4735,1.65
4736,11.2
4737,12.15
4738,7.955
4739,9.8
4740,7.58
4741,4.65
4742,4.575
4743,6.34
4744,2.855
4745,1.6800000000000002
4746,1.15
4747,0.65
4748,14.299999999999999
4749,18.35
4750,9.425
4751,5.74
4752,9.0
4753,5.79
4754,3.15
4755,2.38
4756,2.475
4757,18.950000000000003
4758,11.375
4759,10.055
4760,10.165
4761,10.115
4762,7.765000000000001
4763,5.76
4764,0.77
4765,17.4
4766,8.485
4767,6.4
4768,6.475
4769,6.275
4770,4.445
4771,1.17
4772,0.985
4773,11.2
4774,13.8
4775,7.15
4776,5.805
4777,7.6
4778,4.525
4779,7.13
4780,3.765
4781,1.765
4782,0.7849999999999999
4783,9.235
4784,10.3
4785,6.62
4786,5.075
4787,2.695
4788,3.245
4789,1.2850000000000001
